input,response
"hello","Hello! How can I help you?"
"hi","Hi! What can I do for you?"
"hey","Hey! Nice to talk to you."
"good morning","Good morning! How can I help you?"
"good afternoon","Good afternoon! How can I help you?"
"good evening","Good evening! How can I help you?"
"hello there","Hello! It's nice to talk to you."
"hey there","Hey! How can I help you?"
"what is your name","I'm SmartBot, your virtual assistant."
"who are you","I'm an AI chatbot designed to answer questions and have conversations."
"tell me your name","You can call me SmartBot."
"what should I call you","You can call me SmartBot."
"who am I talking to","You're talking to SmartBot, a virtual assistant."
"what can you do","I can answer general questions and have basic conversations with you."
"how can you help me","I can provide information and answer questions on different topics."
"what are your capabilities","I can answer questions, provide information, and have basic conversations."
"how are you","I'm doing great! Thanks for asking."
"how are you doing","I'm fine and ready to help!"
"are you okay","I'm doing well and ready to help."
"how are you feeling","I'm doing great! What would you like to talk about?"
"thank you","You're welcome!"
"thanks","Happy to help!"
"thank you so much","You're very welcome!"
"thanks a lot","Anytime! Glad I could help."
"i appreciate it","You're welcome! I'm glad I could help."
"tell me a joke","Why do programmers prefer dark mode? Because light attracts bugs!"
"make me laugh","Why was the computer cold? It left its Windows open!"
"say something funny","Why do programmers prefer dark mode? Because light attracts bugs!"
"tell me something funny","I told my computer I needed a break, and now it keeps showing me vacation ads."
"what is artificial intelligence","Artificial intelligence is a field of computer science that enables machines to perform tasks that normally require human intelligence."
"what is AI","AI stands for Artificial Intelligence, which enables machines to perform tasks that normally require human intelligence."
"define artificial intelligence","Artificial intelligence is the ability of computer systems to perform tasks that normally require human intelligence."
"explain AI","Artificial intelligence allows computers and machines to perform tasks such as learning, reasoning, and decision making."
"tell me about artificial intelligence","Artificial intelligence is a field that focuses on creating systems capable of performing intelligent tasks."
"what are the applications of AI","AI is used in healthcare, finance, transportation, education, cybersecurity, robotics, and many other fields."
"where is AI used","AI is used in healthcare, banking, education, transportation, entertainment, and cybersecurity."
"what is machine learning","Machine learning is a branch of artificial intelligence that allows computers to learn patterns from data."
"what is ML","ML stands for Machine Learning, a technique that allows computers to learn from data."
"define machine learning","Machine learning is a method where computers learn from data to make predictions or decisions."
"explain machine learning","Machine learning allows a computer system to learn patterns from examples instead of being explicitly programmed for every situation."
"what does machine learning mean","Machine learning means teaching computers to learn patterns from data and make predictions or decisions."
"what are the types of machine learning","The main types of machine learning are supervised learning, unsupervised learning, and reinforcement learning."
"what is supervised learning","Supervised learning trains a model using labeled data to make predictions or classifications."
"what is unsupervised learning","Unsupervised learning finds patterns or structures in data without labeled outputs."
"what is reinforcement learning","Reinforcement learning is a type of machine learning where an agent learns by interacting with an environment and receiving rewards or penalties."
"what is deep learning","Deep learning is a type of machine learning that uses neural networks with multiple layers."
"define deep learning","Deep learning is a branch of machine learning that uses multilayer neural networks to learn complex patterns."
"explain deep learning","Deep learning uses neural networks with multiple layers to automatically learn complex features from large amounts of data."
"what is a neural network","A neural network is a computing model inspired by the structure of the human brain and consists of interconnected nodes."
"what is a deep neural network","A deep neural network is a neural network containing multiple hidden layers."
"what is cybersecurity","Cybersecurity is the practice of protecting systems, networks, applications, and data from cyber threats."
"define cybersecurity","Cybersecurity involves protecting computers, networks, applications, and information from unauthorized access and attacks."
"why is cybersecurity important","Cybersecurity helps protect sensitive information, systems, and networks from unauthorized access and cyber attacks."
"what is a cyber attack","A cyber attack is an attempt to gain unauthorized access to, damage, disrupt, or steal information from a computer system or network."
"what are cyber threats","Cyber threats are potential dangers that can compromise the confidentiality, integrity, or availability of systems and data."
"what is phishing","Phishing is a cyber attack that uses fraudulent messages or websites to trick users into revealing sensitive information."
"define phishing","Phishing is a social engineering attack where attackers pretend to be trustworthy sources to steal information."
"how does phishing work","Phishing usually works by sending deceptive emails or messages that direct victims to fake websites or malicious content."
"what is malware","Malware is malicious software designed to damage systems, steal information, or gain unauthorized access."
"define malware","Malware is software intentionally created to harm systems, disrupt operations, or obtain unauthorized access."
"what are examples of malware","Examples of malware include viruses, worms, trojans, ransomware, spyware, and rootkits."
"what is ransomware","Ransomware is malware that can encrypt files or restrict system access and demand payment from victims."
"how does ransomware work","Ransomware typically encrypts or locks a victim's data and demands payment to restore access."
"what is encryption","Encryption converts readable information into an encoded form to help prevent unauthorized access."
"define encryption","Encryption is the process of transforming plaintext into ciphertext using an encryption algorithm and key."
"why is encryption important","Encryption helps protect sensitive information from unauthorized users."
"what is a firewall","A firewall is a security mechanism that monitors and controls network traffic based on predefined security rules."
"why is a firewall used","A firewall is used to control network traffic and help prevent unauthorized access to systems."
"what is a password","A password is a secret sequence of characters used to authenticate a user and protect access to an account or system."
"why are strong passwords important","Strong passwords make unauthorized access to accounts more difficult."
"i am happy","That's great to hear! I'm glad you're feeling good."
"i feel happy","That's wonderful! What happened?"
"i am excited","That's great! It's nice to hear that you're excited."
"today is a good day","That's wonderful to hear! I hope you have a great day."
"i am sad","I'm sorry you're feeling this way. I'm here to listen."
"i feel sad","I'm sorry you're feeling this way. Want to talk about it?"
"i am unhappy","I'm sorry you're feeling down. You can tell me what's bothering you."
"i feel terrible","That sounds difficult. I'm here to listen."
"i feel bad","I'm sorry you're having a difficult time. You can talk to me about it."
"i am feeling down","I'm sorry you're feeling this way. I hope things get better."
"what is a chatbot","A chatbot is a software application that communicates with users using natural language."
"how does a chatbot work","A chatbot processes user input and generates a response using predefined rules, retrieval systems, or machine learning models."
"what is natural language processing","Natural Language Processing is a field of AI that enables computers to understand and process human language."
"what is NLP","NLP stands for Natural Language Processing, which focuses on enabling computers to understand and work with human language."
"what is a language model","A language model is an AI model trained to understand and generate human language."
"what is generative AI","Generative AI is a type of artificial intelligence that can create new content such as text, images, audio, or code."
"what is RAG","RAG stands for Retrieval-Augmented Generation, a technique that retrieves relevant information and uses it to generate a response."
"what is retrieval augmented generation","Retrieval-Augmented Generation combines information retrieval with language generation to produce responses using external knowledge."
"why is RAG useful","RAG can provide a language model with relevant external information instead of relying only on information learned during training."
"what is fine tuning","Fine-tuning is the process of adapting a pretrained machine learning model using a smaller task-specific dataset."
"why do we fine tune a model","Fine-tuning allows a pretrained model to adapt to a specific task, domain, or style using custom training data."
"what is a pretrained model","A pretrained model is a machine learning model that has already been trained on a large dataset before being adapted to a specific task."
"what is FLAN-T5","FLAN-T5 is a text-to-text transformer model developed by Google and instruction-tuned for a variety of natural language tasks."
"what is TF-IDF","TF-IDF is a text representation technique that assigns importance to words based on their frequency within documents and across a collection of documents."
"what is cosine similarity","Cosine similarity measures the similarity between two vectors based on the angle between them."
"what is an embedding","An embedding is a numerical representation of text that captures semantic information about the text."
"what is FAISS","FAISS is a library developed by Meta for efficient similarity search and clustering of dense vectors."
"what is a vector database","A vector database stores numerical vector representations and allows efficient similarity searches."
"what is a dataset","A dataset is a structured collection of data used for analysis, training, testing, or other computational tasks."
"what is training data","Training data is the data used to teach a machine learning model patterns and relationships."
"what is a model","A machine learning model is a computational system that learns patterns from data and uses them to make predictions or generate outputs."
"bye","Goodbye! Have a great day!"
"goodbye","See you later! Take care!"
"see you later","See you later! Have a great day!"
"exit","Goodbye! Thanks for chatting!"
"quit","Goodbye! Take care!"
